<?xml version="1.0" encoding="utf-8"?>
<EncounterDefinitions>
	
	<!-- CUSTOM MISSIONS 
		if I haven't got commends on a section, I haven't tried experimenting with these pieces. This mission is a copy of the "Lone Ranger" scrapper mission with minor tweaks.
	--> 
	
	<Encounter> <!-- bub test map, rewards banana gun -->
		<!-- unique name. you might be able to use <Name Override="true"> to replace an existing level -->
		<Name>scrapper_banana_01</Name>
		
		<!-- Pretty sure this defines the tileset to use -->
		<Template>SCRAPPER</Template>
		
		<!-- references to language files -->
		<LocalizedNameId>encounter_name_scrapper_banana_01</LocalizedNameId>
		<LocalizedDescId>encounter_desc_scrapper_banana_01</LocalizedDescId>
		
		<Bundle>mod_banana</Bundle>
		
		<!-- base xp, plus xp per loot item -->
		<ExpReward Base="5000" Loot="11" />
		
		<SpawnGroup>scrappers</SpawnGroup>
		
		<!-- number of characters you can bring into the mission. Vanilla maxes out at 4, not sure if 5+ is supported -->
		<CharacterLimit>1</CharacterLimit>
		
		<!-- the sprite used on the space map -->
		<SpaceCharacter>scrapper_lone_ranger</SpaceCharacter>
		
		<Evac Mode="farthest" Amount="0"/>
		<MissionObjectives>
			<Group><Objective Name="objective_collect_3_swag"/></Group>
			<Group><Objective Name="objective_special_evacuate"/></Group>
		</MissionObjectives>

		<!-- items you get from the epic swag. You can have multiple -->
		<MasterLoot Inherit="false">
			<Loot>handgun_banana</Loot>
		</MasterLoot>
		
		<!-- this is the bulk of the mission data, where it defines what rooms are used, how many, etc -->
		<GeneratorDefinition>
			<Experience>0</Experience>
			<HullType>ScrapperShip</HullType>
			<PatchsetGroup>scrapper</PatchsetGroup>
			<InnerSize>12, 14</InnerSize>
			<InnerAreaAlignment>0.5, 1</InnerAreaAlignment>
			<StartAlignment>0.5, 1</StartAlignment>
			<ReservedAreas>
				<Area>8, 8, 5, 6</Area>
			</ReservedAreas>
			<StartRooms>
				<Room>start_2_e</Room>
			</StartRooms>
			<SideConnectionChance>1</SideConnectionChance>
			
			<!-- I'm pretty sure each level has a "main route" through the map, taken from this pool of rooms. This is probably so the generator doesn't make an impossible level.  -->
			<MainRoute Count="1">
				<Room>small_room_02</Room>
				<Room>small_room_03</Room>
				<Room>small_room_05</Room>
				<Room>small_room_06</Room>
				<Room>small_room_07</Room>
			</MainRoute>
			
			<!-- I think this section defines the ways that rooms can connect to each other. Check the train heist level, I bet they only use one or two types. -->
			<Connectors Count="1">
				<Room>door_connection_ramp_01</Room>
				<Room>door_connection_ramp_03</Room>
				<Room>small_connection</Room>
				<Room>2x3_ba_connection</Room>
				<Room>2x3_ab_connection</Room>
				<Room>ba_wide_connection</Room>
				<Room>ab_wide_connection</Room>
				<Room>wide_connection</Room>
				<Room>door_connection</Room>
				<Room>ladder_connection</Room>
			</Connectors>
			
			<!-- special rooms such as generator rooms, boss arenas, etc. -->
			<InstanceRooms>
				<Room Name="medium_bridge_02" PlacementBias="0.9, 0.1"/>
			</InstanceRooms>
			
			<!-- numbers higher than 3 don't seem to work -->
			<LootTier>2</LootTier>

			<EnemySpawn BaseUnits="1" ShipSizeScale="0.006">
				<Entry Name="scrapper_chopper_sniper" Priority="2"  Min="1" Preplaced="true"/>
				<Entry Name="scrapper_chopper_rifle" Priority="2" Min="1"/>
				<Entry Name="scrapper_ripper_exploder"/>
			</EnemySpawn>

			<LockedDoors Min="0" Max="0"/>
			<PlaceholderDecks>
				<Deck Name="deck_covers">
					<Entry Name="cover_barrel_medium" Count="3"/>
					<Entry Name="cover_barrel_low" Count="5"/>
					<Entry Name="cover_barrel_high" Count="3"/>
					<Entry Name="cover_steel_large" Count="1"/>
					<Entry Name="cover_steel_medium" Count="1"/>
					<Entry Name="dynamite_barrel" Count="2"/>
				</Deck>
				<Deck Name="deck_turrets">
					<Entry Name="scrapper_turret_rifle" Count="1"/>
				</Deck>
			</PlaceholderDecks>
			<Placeholders>
				<Placeholder Name="ph_vault_door" ReplaceWith="scrapper_vault_door"/>
				<Placeholder Name="ph_door" ReplaceWith="scrapper_door"/>
				<Placeholder Name="ph_door_large" ReplaceWith="scrapper_door_large"/>
				<Placeholder Name="ph_hatch" ReplaceWith="scrapper_hatch"/>
				<Placeholder Name="ph_cover" ReplaceWith="deck_covers"/>
				<Placeholder Name="ph_turret" ReplaceWith="deck_turrets"/>
			</Placeholders>
			
			<!-- objects that can be generated in the map. Pretty sure "Strategy" refers to the way that spawn and goals are related to each other in the map. -->
			<SpawnRates>
				<SpawnRate SpawnGroup="enemy_scrapper" RoomRate="0"/>
				<SpawnRate SpawnGroup="cover" RoomRate="0"/>
				<SpawnRate SpawnGroup="spawnpoint" RoomMaxCount="1" GlobalMaxCount="4" Strategy="max_distance"/>
				<SpawnRate SpawnGroup="enemy_scrapper_turret" GlobalMaxCount="0"/>
			</SpawnRates>
		</GeneratorDefinition>
	</Encounter>

	
</EncounterDefinitions>
