<?xml version="1.0" encoding="utf-8"?>
<WeaponDefinitions Inherit="true">

	<!-- Abstract class for inheritance purposes. Anything you put in here you can override in the actual weapon definition -->
	<Weapon Abstract="1">
		<Name>HANDGUN_MOD</Name>
		<Projectile>projectile_scrapper_single_scoped_player</Projectile>
		<ShootSound>trashy_shoot</ShootSound>
		<AimSound>trashy_cock</AimSound>
	</Weapon>
		
	<Weapon>
		<Name>handgun_banana</Name>
		
		<!-- base class to inherit from -->
		<Template>HANDGUN_MOD</Template>
		
		<!-- Tier probably determines the loot tier required to find this item -->
		<Rarity Tier="1" Type="common"/>
		
		<LocalizedNameId>weapon_hangun_banana</LocalizedNameId>
		<LocalizedDescriptionId>weapon_hangun_banana_desc</LocalizedDescriptionId>
		<!-- this is the weapon's in-game model/sprite. Unsure how to read/create .irc files so I'm using a placeholder -->
		<Character>Characters/Common/Guns/Derringer.irc</Character>
		<Portrait>Textures/InfoPortraits/Weapons/Bananagun</Portrait>
		<ShootSound>laser_pistol</ShootSound>
		<Projectile>projectile_blaster</Projectile>
		<DisableBulletTime>true</DisableBulletTime>
		<RapidFire Shots="10" Time="0.05" AngleOffsetMin="-0.11" AngleOffsetMax="0.10" AngleReset="false"/>
		<Damage>
			<Amount>10</Amount> <!-- base damage -->
			<AmountExtra>0</AmountExtra> <!-- added to base damage to determine max damage -->
			<CritAmount>0</CritAmount> <!-- bonus critical damage -->
		</Damage>
		<Loot Cost="1312">
			<!-- you can put the item into loot tables using this <Table Name="scrapper_assault" Tier="1"/> -->
		</Loot>
	</Weapon>
	
</WeaponDefinitions>
